{
  "commit_id": "27834971f616c5e154423c578fa95e0444444ce1",
  "commit_type": "Memory-Leak",
  "total_checkers": 1,
  "successful_checkers": 1,
  "perfect_checkers": 1,
  "best_tp": 1,
  "best_tn": 1,
  "total_time": 601.067914,
  "errors": [],
  "success_rate": 1.0,
  "timestamp": "2025-08-15T03:12:45.685936"
}
