{
  "commit_id": "61c43780e9444123410cd48c2483e01d2b8f75e8",
  "commit_type": "Misuse",
  "total_checkers": 1,
  "successful_checkers": 1,
  "perfect_checkers": 1,
  "best_tp": 1,
  "best_tn": 1,
  "total_time": 195.971417,
  "errors": [],
  "success_rate": 1.0,
  "timestamp": "2025-08-16T02:25:35.381618"
}
