{
  "commit_id": "7decd1f5904a489d3ccdcf131972f94645681689",
  "commit_type": "UAF",
  "total_checkers": 10,
  "successful_checkers": 10,
  "perfect_checkers": 0,
  "best_tp": 1,
  "best_tn": 1,
  "total_time": 5004.584852,
  "errors": [],
  "success_rate": 1.0,
  "timestamp": "2025-08-15T10:21:07.951884"
}
