{
  "commit_id": "78ec6f9df6642418411c534683da6133e0962ec7",
  "commit_type": "Concurrency",
  "total_checkers": 10,
  "successful_checkers": 10,
  "perfect_checkers": 0,
  "best_tp": 0,
  "best_tn": 1,
  "total_time": 4930.299808,
  "errors": [],
  "success_rate": 1.0,
  "timestamp": "2025-08-15T19:36:24.132875"
}
