{
  "commit_id": "5aa2184e29081665f915594bc6de9b7fee6e4883",
  "commit_type": "Double-Free",
  "total_checkers": 3,
  "successful_checkers": 2,
  "perfect_checkers": 1,
  "best_tp": 1,
  "best_tn": 1,
  "total_time": 1914.998183,
  "errors": [
    "Failed to generate compilable checker 0"
  ],
  "success_rate": 0.6666666666666666,
  "timestamp": "2025-08-15T12:16:39.451140"
}
